<?xml version="1.0" encoding="UTF-8"?>

<project>
	<property name="api.dir" location="../SdkApi_Java_Android" />
	<property name="dist.dir" location="dist" />
	<property name="dist.temp.dir" location="dist_temp" />
	<property name="lib.dir" location="${dist.temp.dir}/libs" />
	
	<import file="../SdkApi_Java_Core/build.xml"/>
	
	<target name="-pre-build" depends="svnStatus">
	    <property name="versionReplacement" value="android:versionName=&quot;1.5.${svnNumber} (${git.hash})&quot;"/>
	    <replaceregexp file="AndroidManifest.xml" match="android:versionName=&quot;(.*)&quot;" replace="${versionReplacement}"/>
	    
	    <property name="versionCodeReplacement" value="android:versionCode=&quot;${svnNumber}&quot;"/>
	    <replaceregexp file="AndroidManifest.xml" match="android:versionCode=&quot;(.*)&quot;" replace="${versionCodeReplacement}"/>
	</target>    
	
	<target name="buildApi">
	    <ant antfile="${api.dir}/build.xml" target="createJarLibrary" inheritall="false" />
   		<copy todir="./libs">
			<fileset dir="${api.dir}/dist">
				<include name="*.jar" />
			</fileset>
		</copy>
    </target>
    
	<target name="-post-build">

		<delete dir="${dist.temp.dir}" />
		<delete dir="${dist.dir}" />
		<mkdir dir="${dist.temp.dir}" />
		<mkdir dir="${dist.temp.dir}/app" />
		<mkdir dir="${dist.temp.dir}/app/src" />
		<mkdir dir="${dist.temp.dir}/app/src/main" />
		<mkdir dir="${dist.temp.dir}/app/src/main/java" />
		<mkdir dir="${dist.temp.dir}/app/src/main/res" />
		<mkdir dir="${dist.temp.dir}/app/src" />
		<mkdir dir="${dist.temp.dir}/app/libs" />
		
		<copy file="AndroidManifest.xml" todir="${dist.temp.dir}/app/src/main"/>
		<copy todir="${dist.temp.dir}/app/src/main/java" includeemptydirs="true">
			<fileset dir="src" />
		</copy>
		<copy todir="${dist.temp.dir}/app/src/main/res" includeemptydirs="true">
			<fileset dir="res" />
		</copy>
		
		<copy todir="${dist.temp.dir}/app/libs">
			<fileset dir="${api.dir}/dist" includes="*.jar" />
			<fileset dir="${jar.libs.absolute.dir}" includes="*.jar" />
		</copy>
		
		<mkdir dir="${dist.dir}" />
		<copy file="PrintStation-AndroidStudio.zip" todir="${dist.dir}" />
		<zip destfile="${dist.dir}/PrintStation-AndroidStudio.zip" compress="no" defaultexcludes="false" update="true">
			<fileset dir="${dist.temp.dir}"/>
		</zip>
		<delete dir="${dist.temp.dir}" failonerror="false"/>
		
		
	</target>
	
	<target name="-post-package">
	    <delete file="./libs/ZSDK_ANDROID_API.jar" failonerror="true"/>
	</target>
</project>
	